{"start_coords": [40.666713, -73.830518], "end_coords": [40.670123, -73.828946], "along_side": true, "track_id": "D"}