{"start_coords": [40.674825, -73.828714], "end_coords": [40.673462, -73.830207], "along_side": false, "track_id": "T"}